{"stats":{"minecraft:killed":{"minecraft:zombie":1,"mca:male_villager":3,"mca:female_villager":40,"minecraft:villager":5,"minecraft:creeper":1},"minecraft:dropped":{"mca:blueprint":1,"luphieclutteredmod:luphie_heart_garland":1,"naturalist:teddy_bear":1,"luphieclutteredmod:luphie_heart_cake":4,"mca:engagement_ring_rg":11,"mca:engagement_ring":5},"minecraft:custom":{"minecraft:time_since_rest":417826,"minecraft:sprint_one_cm":111206,"minecraft:damage_taken":20,"minecraft:walk_one_cm":134734,"minecraft:mob_kills":51,"minecraft:drop":23,"minecraft:damage_dealt":10409,"minecraft:traded_with_villager":2,"minecraft:swim_one_cm":21199,"minecraft:talked_to_villager":1,"minecraft:fly_one_cm":1803961,"minecraft:open_chest":24,"minecraft:crouch_one_cm":20651,"minecraft:play_time":482763,"minecraft:deaths":1,"minecraft:sneak_time":17152,"minecraft:walk_under_water_one_cm":172034,"minecraft:jump":410,"minecraft:leave_game":12,"minecraft:walk_on_water_one_cm":83924,"minecraft:time_since_death":417784,"minecraft:total_world_time":482763,"minecraft:fall_one_cm":902},"minecraft:crafted":{"minecraft:iron_sword":2},"minecraft:picked_up":{"mca:divorce_papers":1,"mca:letter":1,"minecraft:string":2,"minecraft:lantern":1,"minecraft:rotten_flesh":4,"minecraft:kelp":901,"mca:engagement_ring":5,"minecraft:iron_ingot":1,"mca:bouquet":1},"minecraft:used":{"minecraft:oak_log":824,"minecraft:peony":2,"minecraft:oak_fence":248,"minecraft:glass":24,"minecraft:dark_oak_planks":66,"mca:male_villager_spawn_egg":13,"minecraft:netherite_sword":153,"minecraft:dark_oak_log":447,"minecraft:lantern":13,"minecraft:spruce_wood":1,"minecraft:oak_stairs":423,"minecraft:grass_block":354,"minecraft:birch_slab":8,"minecraft:carved_pumpkin":3,"minecraft:iron_block":9,"minecraft:oak_planks":69,"minecraft:oak_sign":1,"minecraft:chest":2,"minecraft:oak_door":7,"luphieclutteredmod:luphie_heart_armchair":1,"minecraft:torch":44,"minecraft:cobblestone":2,"minecraft:scaffolding":2,"minecraft:oak_slab":950,"luphieclutteredmod:luphie_heart_cake":3,"minecraft:jungle_planks":11,"mca:female_villager_spawn_egg":6,"minecraft:spruce_stairs":1,"minecraft:glass_pane":137,"minecraft:jungle_slab":21,"minecraft:smooth_stone_slab":61,"minecraft:yellow_bed":1,"minecraft:lingering_potion":1,"minecraft:spruce_fence":1,"minecraft:spruce_log":26,"minecraft:birch_stairs":222}},"DataVersion":3465}