{"stats":{"minecraft:picked_up":{"minecraft:iron_ingot":1,"minecraft:rotten_flesh":2},"minecraft:custom":{"minecraft:jump":35,"minecraft:time_since_rest":26789,"minecraft:damage_dealt":961,"minecraft:crouch_one_cm":404,"minecraft:leave_game":1,"minecraft:play_time":26789,"minecraft:sprint_one_cm":8864,"minecraft:damage_taken":20,"minecraft:time_since_death":26789,"minecraft:walk_one_cm":10280,"minecraft:sneak_time":320,"minecraft:total_world_time":26789,"minecraft:mob_kills":5,"minecraft:talked_to_villager":1,"minecraft:fall_one_cm":902,"minecraft:fly_one_cm":78112},"minecraft:killed":{"minecraft:villager":4,"minecraft:zombie":1},"minecraft:used":{"minecraft:netherite_sword":17,"mca:male_villager_spawn_egg":7,"minecraft:yellow_bed":1}},"DataVersion":3465}