{"stats":{"minecraft:dropped":{"mca:blueprint":1,"mca:engagement_ring":3},"minecraft:picked_up":{"minecraft:rotten_flesh":2,"mca:engagement_ring":2,"minecraft:iron_ingot":1,"mca:bouquet":1},"minecraft:custom":{"minecraft:open_chest":19,"minecraft:time_since_rest":50789,"minecraft:crouch_one_cm":1168,"minecraft:sprint_one_cm":22268,"minecraft:play_time":50789,"minecraft:walk_one_cm":25005,"minecraft:damage_taken":20,"minecraft:sneak_time":578,"minecraft:mob_kills":8,"minecraft:drop":4,"minecraft:jump":60,"minecraft:damage_dealt":1561,"minecraft:leave_game":1,"minecraft:time_since_death":50789,"minecraft:total_world_time":50789,"minecraft:talked_to_villager":1,"minecraft:fall_one_cm":902,"minecraft:fly_one_cm":123341},"minecraft:killed":{"mca:male_villager":3,"minecraft:zombie":1,"minecraft:villager":4},"minecraft:used":{"mca:male_villager_spawn_egg":13,"minecraft:netherite_sword":27,"minecraft:cobblestone":2,"minecraft:grass_block":12,"minecraft:yellow_bed":1,"minecraft:chest":2}},"DataVersion":3465}