{"stats":{"minecraft:dropped":{"mca:blueprint":1,"luphieclutteredmod:luphie_heart_garland":1,"naturalist:teddy_bear":1,"luphieclutteredmod:luphie_heart_cake":4,"mca:engagement_ring_rg":11,"mca:engagement_ring":5},"minecraft:picked_up":{"mca:divorce_papers":1,"minecraft:string":2,"minecraft:lantern":1,"minecraft:rotten_flesh":4,"mca:engagement_ring":5,"minecraft:iron_ingot":1,"mca:bouquet":1},"minecraft:custom":{"minecraft:time_since_rest":268144,"minecraft:sprint_one_cm":64675,"minecraft:walk_one_cm":69207,"minecraft:damage_taken":20,"minecraft:mob_kills":15,"minecraft:drop":23,"minecraft:damage_dealt":3492,"minecraft:traded_with_villager":2,"minecraft:swim_one_cm":880,"minecraft:talked_to_villager":1,"minecraft:fly_one_cm":1045718,"minecraft:open_chest":24,"minecraft:crouch_one_cm":11593,"minecraft:play_time":333081,"minecraft:deaths":1,"minecraft:sneak_time":8245,"minecraft:walk_under_water_one_cm":17527,"minecraft:jump":214,"minecraft:leave_game":2,"minecraft:time_since_death":268102,"minecraft:walk_on_water_one_cm":58424,"minecraft:total_world_time":333081,"minecraft:fall_one_cm":902},"minecraft:killed":{"minecraft:zombie":1,"mca:male_villager":3,"mca:female_villager":6,"minecraft:villager":5},"minecraft:used":{"minecraft:oak_log":735,"minecraft:peony":2,"minecraft:oak_fence":25,"minecraft:dark_oak_planks":66,"mca:male_villager_spawn_egg":13,"minecraft:netherite_sword":55,"minecraft:birch_slab":8,"minecraft:spruce_wood":1,"minecraft:dark_oak_log":447,"minecraft:lantern":4,"minecraft:oak_stairs":27,"minecraft:carved_pumpkin":3,"minecraft:iron_block":9,"minecraft:grass_block":207,"minecraft:oak_planks":19,"minecraft:oak_sign":1,"minecraft:chest":2,"luphieclutteredmod:luphie_heart_armchair":1,"minecraft:cobblestone":2,"minecraft:oak_slab":567,"luphieclutteredmod:luphie_heart_cake":3,"minecraft:spruce_stairs":1,"minecraft:jungle_planks":11,"mca:female_villager_spawn_egg":6,"minecraft:jungle_slab":21,"minecraft:smooth_stone_slab":29,"minecraft:yellow_bed":1},"minecraft:crafted":{"minecraft:iron_sword":2}},"DataVersion":3465}