{"stats":{"minecraft:dropped":{"mca:blueprint":1,"mca:engagement_ring":5},"minecraft:picked_up":{"minecraft:rotten_flesh":2,"mca:engagement_ring":4,"mca:divorce_papers":1,"minecraft:iron_ingot":1,"minecraft:string":2,"mca:bouquet":1},"minecraft:custom":{"minecraft:open_chest":19,"minecraft:time_since_rest":62789,"minecraft:crouch_one_cm":2336,"minecraft:sprint_one_cm":36003,"minecraft:play_time":62789,"minecraft:walk_one_cm":33071,"minecraft:damage_taken":20,"minecraft:sneak_time":1222,"minecraft:mob_kills":8,"minecraft:drop":6,"minecraft:jump":90,"minecraft:damage_dealt":1571,"minecraft:leave_game":1,"minecraft:time_since_death":62789,"minecraft:traded_with_villager":2,"minecraft:total_world_time":62789,"minecraft:talked_to_villager":1,"minecraft:fall_one_cm":902,"minecraft:fly_one_cm":324167},"minecraft:killed":{"mca:male_villager":3,"minecraft:zombie":1,"minecraft:villager":4},"minecraft:used":{"mca:male_villager_spawn_egg":13,"minecraft:netherite_sword":27,"minecraft:cobblestone":2,"minecraft:grass_block":12,"mca:female_villager_spawn_egg":6,"minecraft:yellow_bed":1,"minecraft:chest":2},"minecraft:crafted":{"minecraft:iron_sword":2}},"DataVersion":3465}