{"stats":{"minecraft:custom":{"minecraft:interact_with_anvil":1,"minecraft:mob_kills":54,"minecraft:traded_with_villager":2,"minecraft:leave_game":14,"minecraft:time_since_death":746337,"minecraft:sleep_in_bed":2,"minecraft:climb_one_cm":1290,"minecraft:time_since_rest":10200,"minecraft:sprint_one_cm":272091,"minecraft:damage_taken":20,"minecraft:walk_one_cm":333248,"minecraft:trigger_trapped_chest":8,"minecraft:drop":24,"minecraft:damage_dealt":10794,"minecraft:swim_one_cm":21199,"minecraft:talked_to_villager":1,"minecraft:fly_one_cm":2213722,"minecraft:open_chest":25,"minecraft:crouch_one_cm":33530,"minecraft:play_time":811316,"minecraft:deaths":1,"minecraft:sneak_time":22028,"minecraft:walk_under_water_one_cm":175747,"minecraft:boat_one_cm":2229,"minecraft:jump":833,"minecraft:walk_on_water_one_cm":89489,"minecraft:enchant_item":5,"minecraft:total_world_time":811316,"minecraft:fall_one_cm":902},"minecraft:dropped":{"naturalist:teddy_bear":1,"mca:engagement_ring":5,"mca:blueprint":1,"luphieclutteredmod:luphie_heart_garland":1,"luphieclutteredmod:luphie_heart_cake":4,"mca:engagement_ring_rg":12},"minecraft:used":{"minecraft:light_blue_carpet":3,"minecraft:oak_fence":413,"minecraft:peony":2,"minecraft:wheat_seeds":45,"mca:male_villager_spawn_egg":13,"luphieclutteredmod:small_bush":1,"minecraft:water_bucket":8,"minecraft:netherite_sword":162,"minecraft:enchanting_table":1,"minecraft:carved_pumpkin":3,"minecraft:birch_planks":156,"minecraft:oak_planks":69,"minecraft:oak_sign":1,"luphieclutteredmod:luphie_classic_mini_table":2,"minecraft:chest":3,"luphieclutteredmod:plant_ladder":3,"luphieclutteredmod:seaweed_planter":1,"luphieclutteredmod:luphie_orange_cat_plant_pot":2,"minecraft:farmland":1,"minecraft:oak_door":7,"minecraft:torch":179,"minecraft:anvil":1,"minecraft:oak_slab":951,"luphieclutteredmod:luphie_heart_cake":3,"minecraft:jungle_planks":11,"minecraft:spruce_stairs":1,"mca:female_villager_spawn_egg":6,"minecraft:cobblestone_wall":6,"minecraft:carrot":68,"minecraft:jungle_slab":21,"minecraft:campfire":4,"minecraft:lingering_potion":1,"luphieclutteredmod:luphie_mushroom_tv":1,"minecraft:spruce_fence":1,"minecraft:spruce_log":27,"minecraft:oak_log":826,"minecraft:glass":226,"minecraft:dark_oak_planks":66,"luphieclutteredmod:luphie_black_cat_plant_pot":3,"minecraft:wooden_hoe":105,"minecraft:bookshelf":22,"minecraft:dark_oak_log":447,"minecraft:cherry_door":4,"minecraft:spruce_wood":1,"minecraft:birch_slab":10,"minecraft:lantern":25,"minecraft:iron_block":9,"minecraft:grass_block":358,"minecraft:oak_stairs":423,"luphieclutteredmod:luphie_mini_cactus_set":1,"luphieclutteredmod:luphie_antique_lamp":7,"luphieclutteredmod:luphie_flower_desk_lamp":1,"luphieclutteredmod:luphie_pink_heart_door":3,"luphieclutteredmod:luphie_purple_gumball_machine":2,"luphieclutteredmod:luphie_heart_armchair":1,"luphieclutteredmod:luphie_pink_endtable":1,"luphieclutteredmod:luphie_darkwood_round_table":5,"minecraft:cobblestone":2,"minecraft:hay_block":14,"minecraft:scaffolding":2,"minecraft:dark_oak_fence":41,"minecraft:glass_pane":137,"minecraft:yellow_bed":1,"minecraft:smooth_stone_slab":61,"minecraft:oak_boat":1,"minecraft:bone_meal":225,"minecraft:birch_stairs":222},"minecraft:picked_up":{"minecraft:gunpowder":1,"mca:letter":1,"minecraft:string":2,"minecraft:lantern":2,"minecraft:bone":1,"minecraft:kelp":901,"mca:engagement_ring":5,"minecraft:iron_ingot":1,"mca:divorce_papers":1,"minecraft:rotten_flesh":4,"mca:book_infection":1,"mca:bouquet":1},"minecraft:crafted":{"minecraft:iron_sword":2},"minecraft:killed":{"minecraft:creeper":2,"minecraft:skeleton":1,"minecraft:zombie":2,"mca:male_villager":3,"mca:female_villager":40,"minecraft:villager":5}},"DataVersion":3465}