{"stats":{"minecraft:dropped":{"luphieclutteredmod:luphie_heart_cake":3,"mca:blueprint":1,"mca:engagement_ring_rg":10,"luphieclutteredmod:luphie_heart_garland":1,"mca:engagement_ring":5},"minecraft:picked_up":{"minecraft:rotten_flesh":4,"mca:engagement_ring":5,"mca:divorce_papers":1,"minecraft:iron_ingot":1,"minecraft:string":2,"mca:bouquet":1},"minecraft:custom":{"minecraft:open_chest":24,"minecraft:time_since_rest":82144,"minecraft:crouch_one_cm":3289,"minecraft:play_time":147081,"minecraft:sprint_one_cm":47377,"minecraft:damage_taken":20,"minecraft:walk_one_cm":44811,"minecraft:deaths":1,"minecraft:sneak_time":2011,"minecraft:mob_kills":9,"minecraft:drop":20,"minecraft:jump":127,"minecraft:damage_dealt":1771,"minecraft:leave_game":2,"minecraft:time_since_death":82102,"minecraft:traded_with_villager":2,"minecraft:total_world_time":147081,"minecraft:talked_to_villager":1,"minecraft:fall_one_cm":902,"minecraft:fly_one_cm":718729},"minecraft:killed":{"mca:male_villager":3,"minecraft:zombie":1,"minecraft:villager":5},"minecraft:used":{"minecraft:netherite_sword":30,"luphieclutteredmod:luphie_heart_armchair":1,"mca:male_villager_spawn_egg":13,"minecraft:cobblestone":2,"minecraft:grass_block":13,"luphieclutteredmod:luphie_heart_cake":3,"minecraft:iron_block":9,"minecraft:carved_pumpkin":3,"mca:female_villager_spawn_egg":6,"minecraft:oak_sign":1,"minecraft:yellow_bed":1,"minecraft:chest":2},"minecraft:crafted":{"minecraft:iron_sword":2}},"DataVersion":3465}