{"stats":{"minecraft:dropped":{"mca:blueprint":1,"luphieclutteredmod:luphie_heart_garland":1,"luphieclutteredmod:luphie_heart_cake":3,"mca:engagement_ring_rg":10,"mca:engagement_ring":5},"minecraft:picked_up":{"mca:divorce_papers":1,"minecraft:string":2,"minecraft:lantern":1,"minecraft:rotten_flesh":4,"mca:engagement_ring":5,"minecraft:iron_ingot":1,"mca:bouquet":1},"minecraft:custom":{"minecraft:time_since_rest":154144,"minecraft:sprint_one_cm":53792,"minecraft:walk_one_cm":57634,"minecraft:damage_taken":20,"minecraft:mob_kills":9,"minecraft:drop":20,"minecraft:damage_dealt":1781,"minecraft:traded_with_villager":2,"minecraft:talked_to_villager":1,"minecraft:fly_one_cm":928416,"minecraft:open_chest":24,"minecraft:crouch_one_cm":7109,"minecraft:play_time":219081,"minecraft:deaths":1,"minecraft:sneak_time":5327,"minecraft:walk_under_water_one_cm":12127,"minecraft:jump":187,"minecraft:leave_game":2,"minecraft:time_since_death":154102,"minecraft:walk_on_water_one_cm":57824,"minecraft:total_world_time":219081,"minecraft:fall_one_cm":902},"minecraft:killed":{"minecraft:zombie":1,"mca:male_villager":3,"minecraft:villager":5},"minecraft:used":{"minecraft:oak_log":635,"minecraft:peony":2,"minecraft:oak_fence":25,"minecraft:dark_oak_planks":66,"mca:male_villager_spawn_egg":13,"minecraft:netherite_sword":30,"minecraft:spruce_wood":1,"minecraft:dark_oak_log":446,"minecraft:lantern":4,"minecraft:oak_stairs":7,"minecraft:carved_pumpkin":3,"minecraft:iron_block":9,"minecraft:grass_block":16,"minecraft:oak_planks":19,"minecraft:oak_sign":1,"minecraft:chest":2,"luphieclutteredmod:luphie_heart_armchair":1,"minecraft:cobblestone":2,"minecraft:oak_slab":34,"luphieclutteredmod:luphie_heart_cake":3,"minecraft:spruce_stairs":1,"minecraft:jungle_planks":11,"mca:female_villager_spawn_egg":6,"minecraft:jungle_slab":21,"minecraft:yellow_bed":1},"minecraft:crafted":{"minecraft:iron_sword":2}},"DataVersion":3465}