{"stats":{"minecraft:dropped":{"luphieclutteredmod:luphie_heart_cake":3,"mca:blueprint":1,"mca:engagement_ring_rg":10,"luphieclutteredmod:luphie_heart_garland":1,"mca:engagement_ring":5},"minecraft:picked_up":{"minecraft:rotten_flesh":4,"mca:engagement_ring":5,"mca:divorce_papers":1,"minecraft:iron_ingot":1,"minecraft:string":2,"mca:bouquet":1},"minecraft:custom":{"minecraft:open_chest":24,"minecraft:time_since_rest":63852,"minecraft:deaths":1,"minecraft:crouch_one_cm":3032,"minecraft:sprint_one_cm":44037,"minecraft:play_time":128789,"minecraft:walk_one_cm":42754,"minecraft:damage_taken":20,"minecraft:sneak_time":1937,"minecraft:mob_kills":9,"minecraft:drop":20,"minecraft:jump":121,"minecraft:damage_dealt":1771,"minecraft:leave_game":1,"minecraft:time_since_death":63810,"minecraft:traded_with_villager":2,"minecraft:total_world_time":128789,"minecraft:talked_to_villager":1,"minecraft:fall_one_cm":902,"minecraft:fly_one_cm":538514},"minecraft:killed":{"mca:male_villager":3,"minecraft:zombie":1,"minecraft:villager":5},"minecraft:used":{"luphieclutteredmod:luphie_heart_armchair":1,"mca:male_villager_spawn_egg":13,"minecraft:netherite_sword":30,"minecraft:cobblestone":2,"minecraft:carved_pumpkin":3,"minecraft:iron_block":9,"luphieclutteredmod:luphie_heart_cake":3,"minecraft:grass_block":13,"mca:female_villager_spawn_egg":6,"minecraft:oak_sign":1,"minecraft:yellow_bed":1,"minecraft:chest":2},"minecraft:crafted":{"minecraft:iron_sword":2}},"DataVersion":3465}