{"stats":{"minecraft:dropped":{"mca:blueprint":1,"luphieclutteredmod:luphie_heart_garland":1,"naturalist:teddy_bear":1,"luphieclutteredmod:luphie_heart_cake":4,"mca:engagement_ring_rg":11,"mca:engagement_ring":5},"minecraft:picked_up":{"mca:divorce_papers":1,"minecraft:string":2,"minecraft:lantern":1,"minecraft:rotten_flesh":4,"mca:engagement_ring":5,"minecraft:iron_ingot":1,"mca:bouquet":1},"minecraft:custom":{"minecraft:time_since_rest":292144,"minecraft:sprint_one_cm":79946,"minecraft:walk_one_cm":77922,"minecraft:damage_taken":20,"minecraft:mob_kills":51,"minecraft:drop":23,"minecraft:damage_dealt":10341,"minecraft:traded_with_villager":2,"minecraft:swim_one_cm":880,"minecraft:talked_to_villager":1,"minecraft:fly_one_cm":1053834,"minecraft:open_chest":24,"minecraft:crouch_one_cm":12318,"minecraft:play_time":357081,"minecraft:deaths":1,"minecraft:sneak_time":8522,"minecraft:walk_under_water_one_cm":24528,"minecraft:jump":277,"minecraft:leave_game":2,"minecraft:time_since_death":292102,"minecraft:walk_on_water_one_cm":58881,"minecraft:total_world_time":357081,"minecraft:fall_one_cm":902},"minecraft:killed":{"minecraft:zombie":1,"mca:male_villager":3,"mca:female_villager":40,"minecraft:villager":5,"minecraft:creeper":1},"minecraft:used":{"minecraft:oak_log":735,"minecraft:peony":2,"minecraft:oak_fence":25,"minecraft:dark_oak_planks":66,"mca:male_villager_spawn_egg":13,"minecraft:netherite_sword":153,"minecraft:birch_slab":8,"minecraft:spruce_wood":1,"minecraft:dark_oak_log":447,"minecraft:lantern":4,"minecraft:oak_stairs":27,"minecraft:carved_pumpkin":3,"minecraft:iron_block":9,"minecraft:grass_block":210,"minecraft:oak_planks":19,"minecraft:oak_sign":1,"minecraft:chest":2,"luphieclutteredmod:luphie_heart_armchair":1,"minecraft:cobblestone":2,"minecraft:oak_slab":567,"luphieclutteredmod:luphie_heart_cake":3,"minecraft:spruce_stairs":1,"minecraft:jungle_planks":11,"mca:female_villager_spawn_egg":6,"minecraft:jungle_slab":21,"minecraft:smooth_stone_slab":29,"minecraft:yellow_bed":1,"minecraft:lingering_potion":1},"minecraft:crafted":{"minecraft:iron_sword":2}},"DataVersion":3465}