{"stats":{"minecraft:killed":{"minecraft:creeper":1,"minecraft:zombie":1,"mca:male_villager":3,"mca:female_villager":40,"minecraft:villager":5},"minecraft:dropped":{"naturalist:teddy_bear":1,"mca:engagement_ring":5,"mca:blueprint":1,"luphieclutteredmod:luphie_heart_garland":1,"luphieclutteredmod:luphie_heart_cake":4,"mca:engagement_ring_rg":12},"minecraft:custom":{"minecraft:mob_kills":51,"minecraft:traded_with_villager":2,"minecraft:leave_game":12,"minecraft:time_since_death":489784,"minecraft:sleep_in_bed":1,"minecraft:time_since_rest":14368,"minecraft:sprint_one_cm":166291,"minecraft:damage_taken":20,"minecraft:walk_one_cm":197895,"minecraft:trigger_trapped_chest":3,"minecraft:drop":24,"minecraft:damage_dealt":10409,"minecraft:swim_one_cm":21199,"minecraft:talked_to_villager":1,"minecraft:fly_one_cm":1900403,"minecraft:open_chest":24,"minecraft:crouch_one_cm":30840,"minecraft:play_time":554763,"minecraft:deaths":1,"minecraft:sneak_time":19975,"minecraft:walk_under_water_one_cm":172034,"minecraft:jump":454,"minecraft:walk_on_water_one_cm":83924,"minecraft:total_world_time":554763,"minecraft:fall_one_cm":902},"minecraft:crafted":{"minecraft:iron_sword":2},"minecraft:picked_up":{"mca:letter":1,"minecraft:string":2,"minecraft:lantern":2,"minecraft:kelp":901,"mca:engagement_ring":5,"minecraft:iron_ingot":1,"mca:divorce_papers":1,"minecraft:rotten_flesh":4,"mca:bouquet":1},"minecraft:used":{"minecraft:light_blue_carpet":3,"minecraft:oak_fence":406,"minecraft:peony":2,"minecraft:wheat_seeds":45,"mca:male_villager_spawn_egg":13,"luphieclutteredmod:small_bush":1,"minecraft:water_bucket":7,"minecraft:netherite_sword":153,"minecraft:carved_pumpkin":3,"minecraft:birch_planks":149,"minecraft:oak_planks":69,"minecraft:oak_sign":1,"luphieclutteredmod:luphie_classic_mini_table":2,"minecraft:chest":2,"luphieclutteredmod:plant_ladder":3,"luphieclutteredmod:seaweed_planter":1,"luphieclutteredmod:luphie_orange_cat_plant_pot":2,"minecraft:farmland":1,"minecraft:oak_door":7,"minecraft:torch":100,"minecraft:oak_slab":951,"luphieclutteredmod:luphie_heart_cake":3,"minecraft:spruce_stairs":1,"minecraft:jungle_planks":11,"mca:female_villager_spawn_egg":6,"minecraft:cobblestone_wall":6,"minecraft:carrot":68,"minecraft:jungle_slab":21,"minecraft:lingering_potion":1,"luphieclutteredmod:luphie_mushroom_tv":1,"minecraft:spruce_fence":1,"minecraft:spruce_log":26,"minecraft:oak_log":826,"minecraft:glass":24,"luphieclutteredmod:luphie_black_cat_plant_pot":3,"minecraft:dark_oak_planks":66,"minecraft:wooden_hoe":105,"minecraft:cherry_door":2,"minecraft:iron_block":9,"minecraft:dark_oak_log":447,"minecraft:birch_slab":10,"minecraft:spruce_wood":1,"minecraft:lantern":25,"minecraft:grass_block":357,"minecraft:oak_stairs":423,"luphieclutteredmod:luphie_mini_cactus_set":1,"luphieclutteredmod:luphie_antique_lamp":7,"luphieclutteredmod:luphie_flower_desk_lamp":1,"luphieclutteredmod:luphie_heart_armchair":1,"luphieclutteredmod:luphie_pink_endtable":1,"minecraft:cobblestone":2,"minecraft:hay_block":14,"minecraft:scaffolding":2,"minecraft:glass_pane":137,"minecraft:yellow_bed":1,"minecraft:smooth_stone_slab":61,"minecraft:bone_meal":225,"minecraft:birch_stairs":222}},"DataVersion":3465}