{"stats":{"minecraft:dropped":{"mca:blueprint":1,"mca:engagement_ring":5},"minecraft:picked_up":{"minecraft:rotten_flesh":4,"mca:engagement_ring":5,"mca:divorce_papers":1,"minecraft:iron_ingot":1,"minecraft:string":2,"mca:bouquet":1},"minecraft:custom":{"minecraft:open_chest":23,"minecraft:time_since_rest":9852,"minecraft:deaths":1,"minecraft:crouch_one_cm":2621,"minecraft:sprint_one_cm":39305,"minecraft:play_time":74789,"minecraft:walk_one_cm":36939,"minecraft:damage_taken":20,"minecraft:sneak_time":1680,"minecraft:mob_kills":9,"minecraft:drop":6,"minecraft:jump":108,"minecraft:damage_dealt":1771,"minecraft:leave_game":1,"minecraft:time_since_death":9810,"minecraft:traded_with_villager":2,"minecraft:total_world_time":74789,"minecraft:talked_to_villager":1,"minecraft:fall_one_cm":902,"minecraft:fly_one_cm":484159},"minecraft:killed":{"mca:male_villager":3,"minecraft:zombie":1,"minecraft:villager":5},"minecraft:used":{"mca:male_villager_spawn_egg":13,"minecraft:netherite_sword":30,"minecraft:cobblestone":2,"minecraft:grass_block":13,"mca:female_villager_spawn_egg":6,"minecraft:yellow_bed":1,"minecraft:chest":2},"minecraft:crafted":{"minecraft:iron_sword":2}},"DataVersion":3465}