{"stats":{"minecraft:killed_by":{"minecraft:spider":2,"minecraft:zombie":1},"minecraft:custom":{"minecraft:mob_kills":14,"minecraft:interact_with_anvil":1,"minecraft:leave_game":7,"minecraft:time_since_death":814578,"minecraft:climb_one_cm":5696,"minecraft:sprint_one_cm":142937,"minecraft:walk_one_cm":1468510,"minecraft:drop":29,"minecraft:talked_to_villager":3,"minecraft:play_time":947813,"minecraft:deaths":4,"minecraft:sneak_time":12225,"minecraft:walk_under_water_one_cm":359186,"minecraft:boat_one_cm":25848,"minecraft:jump":1806,"minecraft:walk_on_water_one_cm":68454,"minecraft:enchant_item":20,"minecraft:total_world_time":947813,"minecraft:sleep_in_bed":7,"minecraft:time_since_rest":9273,"minecraft:damage_taken":760,"minecraft:trigger_trapped_chest":20,"minecraft:damage_dealt":3042,"minecraft:swim_one_cm":19922,"minecraft:fly_one_cm":2596890,"minecraft:open_chest":21,"minecraft:crouch_one_cm":17512},"minecraft:dropped":{"minecraft:dark_oak_stairs":2,"minecraft:birch_planks":2,"mca:divorce_papers":1,"mca:bouquet":3,"minecraft:jungle_planks":2,"mca:book_romance":1,"mca:blueprint":1,"minecraft:dark_oak_fence":1,"minecraft:dark_oak_planks":1,"minecraft:blue_bed":1,"minecraft:rotten_flesh":6,"mca:engagement_ring":5,"mca:book_infection":2,"minecraft:splash_potion":1},"minecraft:used":{"naturalist:lizard_spawn_egg":3,"luphieclutteredmod:luphie_darkwood_geometric_sofa":10,"minecraft:netherite_sword":19,"minecraft:enchanting_table":5,"minecraft:flint_and_steel":223,"luphieclutteredmod:luphie_retro_cafe_shelf":3,"luphieclutteredmod:luphie_pastel_block_bookshelf":1,"minecraft:spruce_slab":5,"minecraft:carrot_on_a_stick":1,"minecraft:ladder":14,"luphieclutteredmod:luphie_sweetheart_counter_b":1,"minecraft:spruce_planks":12,"minecraft:chest":3,"minecraft:zombie_spawn_egg":9,"naturalist:firefly_spawn_egg":5,"minecraft:farmland":37,"luphieclutteredmod:luphie_pastel_traditional_table":3,"minecraft:oak_door":2,"mca:female_zombie_villager_spawn_egg":13,"minecraft:soul_campfire":1,"minecraft:torch":10,"minecraft:dirt":1,"minecraft:jungle_planks":270,"minecraft:spruce_stairs":20,"minecraft:jungle_slab":120,"luphieclutteredmod:luphie_rovers_briefcase":20,"luphieclutteredmod:luphie_mushroom_tv":3,"minecraft:spruce_fence":50,"luphieclutteredmod:luphie_handheld_sea_gem_lantern":33,"minecraft:oak_fence_gate":2,"minecraft:obsidian":14,"luphieclutteredmod:luphie_glow_door":1,"minecraft:frog_spawn_egg":1,"minecraft:glass":246,"luphieclutteredmod:luphie_cluttered_desk":4,"minecraft:dark_oak_planks":382,"minecraft:bookshelf":34,"minecraft:red_wool":31,"minecraft:lantern":63,"minecraft:grass_block":111,"minecraft:oak_stairs":1,"minecraft:acacia_slab":15,"luphieclutteredmod:unpainted_birdhouse":1,"luphieclutteredmod:luphie_mini_cactus_set":2,"minecraft:dark_oak_slab":2,"minecraft:light_blue_bed":9,"luphieclutteredmod:luphie_art_academy_box_of_paint":1,"luphieclutteredmod:luphie_steampunk_lamp":10,"luphieclutteredmod:luphie_sewing_table_clutter":6,"luphieclutteredmod:luphie_darkwood_quilted_bed":6,"luphieclutteredmod:luphie_cat_kitchen_table":2,"minecraft:trapped_chest":5,"luphieclutteredmod:luphie_table_with_cloth":2,"minecraft:acacia_planks":14,"minecraft:light_blue_carpet":151,"luphieclutteredmod:luphie_flowering_pink_heart_door":1,"luphieclutteredmod:luphie_antique_book_stand":2,"minecraft:dark_oak_stairs":24,"luphieclutteredmod:small_bush":16,"naturalist:bluejay_spawn_egg":1,"minecraft:warped_hanging_sign":1,"luphieclutteredmod:luphie_open_book_stack":1,"minecraft:birch_planks":1208,"luphieclutteredmod:luphie_mermaid_dresser":2,"luphieclutteredmod:luphie_unliving_chair":3,"minecraft:mangrove_planks":23,"minecraft:oak_planks":2,"luphieclutteredmod:red_birdhouse":9,"luphieclutteredmod:luphie_pastry_display_case":1,"luphieclutteredmod:blue_birdhouse":1,"luphieclutteredmod:plant_ladder":2,"minecraft:blue_concrete_powder":4,"minecraft:blue_bed":21,"minecraft:parrot_spawn_egg":29,"minecraft:spruce_fence_gate":6,"luphieclutteredmod:luphie_potion_shelf":3,"mca:male_zombie_villager_spawn_egg":1,"minecraft:oak_slab":8,"luphieclutteredmod:luphie_light_blue_armchair":2,"minecraft:tnt":1624,"minecraft:strider_spawn_egg":3,"luphieclutteredmod:luphie_black_lovely_love_seat":2,"luphieclutteredmod:luphie_mushroom_door":3,"mca:female_villager_spawn_egg":4,"luphieclutteredmod:luphie_glowing_moon":22,"luphieclutteredmod:luphie_black_cat_armchair":31,"minecraft:cake":2,"minecraft:spruce_log":145,"luphieclutteredmod:luphie_general_store_cabinet":4,"luphieclutteredmod:luphie_mushroom_terrarium":1,"luphieclutteredmod:luphie_darkwood_endtable":2,"minecraft:acacia_stairs":14,"minecraft:dark_oak_log":2,"minecraft:sunflower":2,"minecraft:lime_carpet":36,"minecraft:jungle_stairs":47,"luphieclutteredmod:luphie_cat_counter_a":6,"minecraft:cat_spawn_egg":1,"minecraft:golden_leggings":1,"luphieclutteredmod:luphie_purple_gumball_machine":4,"luphieclutteredmod:luphie_darkwood_round_table":6,"minecraft:dark_oak_fence":62,"minecraft:yellow_bed":2,"minecraft:oak_boat":1,"luphieclutteredmod:luphie_apple_chair":4,"minecraft:white_concrete":42,"luphieclutteredmod:luphie_stack_of_ham_sandwiches":1,"minecraft:splash_potion":218},"minecraft:picked_up":{"minecraft:splash_potion":1,"mca:book_rose_gold":2,"minecraft:string":14,"mca:blueprint":7,"mca:engagement_ring":6,"minecraft:netherite_sword":3,"mca:male_villager_spawn_egg":2,"minecraft:chest":3,"mca:baby_boy":1,"minecraft:oak_door":2,"minecraft:torch":4,"luphieclutteredmod:luphie_heart_garland":2,"mca:female_villager_spawn_egg":2,"minecraft:dark_oak_planks":1,"minecraft:rotten_flesh":24,"minecraft:cobblestone":1,"minecraft:pink_petals":3,"naturalist:teddy_bear":2,"minecraft:birch_planks":3,"luphieclutteredmod:luphie_heart_cake":8,"minecraft:yellow_bed":2,"minecraft:gunpowder":2,"mca:book_romance":1,"minecraft:blue_bed":2,"minecraft:lantern":6,"minecraft:glass":1,"mca:whistle":3,"minecraft:iron_ingot":2,"mca:villager_editor":1,"minecraft:dark_oak_stairs":1,"mca:engagement_ring_rg":13,"minecraft:gravel":2,"minecraft:jungle_planks":3,"minecraft:grass_block":4,"minecraft:jungle_slab":1,"minecraft:spruce_door":128,"minecraft:light_blue_carpet":1,"minecraft:white_concrete":1,"minecraft:emerald":18,"mca:book_infection":1,"minecraft:dark_oak_fence":1,"mca:bouquet":5},"minecraft:killed":{"minecraft:skeleton":2,"minecraft:drowned":1,"minecraft:pig":1,"minecraft:strider":3,"minecraft:creeper":4,"minecraft:zombie":2}},"DataVersion":3465}