{"stats":{"minecraft:dropped":{"mca:book_romance":1},"minecraft:picked_up":{"mca:book_romance":1},"minecraft:killed_by":{"minecraft:spider":2,"minecraft:zombie":1},"minecraft:custom":{"minecraft:time_since_rest":77944,"minecraft:open_chest":1,"minecraft:crouch_one_cm":1779,"minecraft:sprint_one_cm":16311,"minecraft:play_time":93732,"minecraft:deaths":3,"minecraft:damage_taken":730,"minecraft:walk_one_cm":81106,"minecraft:sneak_time":1717,"minecraft:walk_under_water_one_cm":964,"minecraft:drop":1,"minecraft:jump":131,"minecraft:damage_dealt":47,"minecraft:leave_game":4,"minecraft:walk_on_water_one_cm":1064,"minecraft:time_since_death":77690,"minecraft:climb_one_cm":419,"minecraft:total_world_time":93732,"minecraft:swim_one_cm":2230,"minecraft:talked_to_villager":3,"minecraft:fly_one_cm":870882},"minecraft:used":{"mca:female_zombie_villager_spawn_egg":13,"naturalist:bluejay_spawn_egg":1,"mca:male_zombie_villager_spawn_egg":1,"minecraft:grass_block":50,"mca:female_villager_spawn_egg":4}},"DataVersion":3465}