{"stats":{"minecraft:dropped":{"mca:book_romance":1,"mca:divorce_papers":1,"mca:bouquet":2,"mca:engagement_ring":4},"minecraft:picked_up":{"minecraft:oak_door":1,"minecraft:torch":2,"mca:book_romance":1,"minecraft:string":2,"mca:blueprint":1,"minecraft:rotten_flesh":1,"mca:engagement_ring":5,"mca:baby_boy":1,"mca:bouquet":1},"minecraft:killed_by":{"minecraft:spider":2,"minecraft:zombie":1},"minecraft:custom":{"minecraft:time_since_rest":113944,"minecraft:sprint_one_cm":20983,"minecraft:walk_one_cm":164616,"minecraft:damage_taken":730,"minecraft:trigger_trapped_chest":1,"minecraft:mob_kills":2,"minecraft:drop":8,"minecraft:damage_dealt":467,"minecraft:talked_to_villager":3,"minecraft:swim_one_cm":2230,"minecraft:fly_one_cm":982225,"minecraft:open_chest":16,"minecraft:crouch_one_cm":2275,"minecraft:play_time":129732,"minecraft:deaths":3,"minecraft:sneak_time":1851,"minecraft:walk_under_water_one_cm":964,"minecraft:jump":198,"minecraft:leave_game":4,"minecraft:time_since_death":113690,"minecraft:walk_on_water_one_cm":1064,"minecraft:total_world_time":129732,"minecraft:climb_one_cm":419},"minecraft:killed":{"minecraft:zombie":1,"minecraft:creeper":1},"minecraft:used":{"minecraft:glass":8,"minecraft:netherite_sword":4,"naturalist:bluejay_spawn_egg":1,"minecraft:birch_planks":92,"minecraft:oak_stairs":1,"minecraft:grass_block":50,"minecraft:mangrove_planks":23,"minecraft:oak_planks":2,"minecraft:chest":2,"mca:female_zombie_villager_spawn_egg":13,"mca:male_zombie_villager_spawn_egg":1,"mca:female_villager_spawn_egg":4,"minecraft:trapped_chest":1,"minecraft:white_concrete":42}},"DataVersion":3465}