{"stats":{"minecraft:dropped":{"mca:divorce_papers":1,"mca:bouquet":2,"minecraft:jungle_planks":2,"mca:engagement_ring":5,"mca:book_romance":1,"mca:blueprint":1},"minecraft:picked_up":{"minecraft:pink_petals":3,"mca:book_rose_gold":2,"minecraft:birch_planks":1,"luphieclutteredmod:luphie_heart_cake":3,"minecraft:yellow_bed":2,"mca:book_romance":1,"minecraft:string":2,"minecraft:glass":1,"mca:blueprint":5,"mca:whistle":2,"mca:engagement_ring":6,"minecraft:netherite_sword":3,"minecraft:iron_ingot":2,"mca:male_villager_spawn_egg":2,"minecraft:chest":3,"mca:baby_boy":1,"minecraft:oak_door":2,"mca:engagement_ring_rg":11,"minecraft:torch":4,"minecraft:jungle_planks":3,"luphieclutteredmod:luphie_heart_garland":1,"mca:female_villager_spawn_egg":2,"minecraft:grass_block":4,"minecraft:jungle_slab":1,"minecraft:spruce_door":128,"minecraft:rotten_flesh":1,"minecraft:white_concrete":1,"minecraft:emerald":12,"mca:bouquet":3,"minecraft:cobblestone":1},"minecraft:killed_by":{"minecraft:spider":2,"minecraft:zombie":1},"minecraft:custom":{"minecraft:mob_kills":2,"minecraft:leave_game":4,"minecraft:time_since_death":206497,"minecraft:climb_one_cm":3353,"minecraft:time_since_rest":206532,"minecraft:sprint_one_cm":33413,"minecraft:damage_taken":730,"minecraft:walk_one_cm":344893,"minecraft:trigger_trapped_chest":1,"minecraft:drop":12,"minecraft:damage_dealt":1105,"minecraft:swim_one_cm":2877,"minecraft:talked_to_villager":3,"minecraft:fly_one_cm":1519643,"minecraft:open_chest":17,"minecraft:crouch_one_cm":4573,"minecraft:play_time":339732,"minecraft:deaths":4,"minecraft:sneak_time":3399,"minecraft:walk_under_water_one_cm":59655,"minecraft:jump":437,"minecraft:walk_on_water_one_cm":47234,"minecraft:total_world_time":339732},"minecraft:killed":{"minecraft:creeper":1,"minecraft:zombie":1},"minecraft:used":{"minecraft:dark_oak_stairs":3,"minecraft:netherite_sword":4,"naturalist:bluejay_spawn_egg":1,"minecraft:birch_planks":138,"minecraft:spruce_slab":5,"minecraft:oak_planks":2,"minecraft:mangrove_planks":23,"minecraft:ladder":9,"minecraft:chest":2,"minecraft:spruce_planks":12,"minecraft:farmland":37,"minecraft:oak_door":2,"mca:female_zombie_villager_spawn_egg":13,"minecraft:torch":4,"mca:male_zombie_villager_spawn_egg":1,"mca:female_villager_spawn_egg":4,"minecraft:jungle_planks":270,"minecraft:spruce_stairs":20,"minecraft:jungle_slab":120,"minecraft:spruce_fence":33,"luphieclutteredmod:luphie_handheld_sea_gem_lantern":10,"minecraft:spruce_log":84,"minecraft:glass":23,"minecraft:dark_oak_planks":297,"minecraft:acacia_stairs":14,"minecraft:grass_block":70,"minecraft:oak_stairs":1,"minecraft:acacia_slab":15,"minecraft:jungle_stairs":47,"minecraft:dark_oak_slab":2,"luphieclutteredmod:luphie_steampunk_lamp":10,"minecraft:yellow_bed":2,"minecraft:trapped_chest":1,"minecraft:white_concrete":42,"minecraft:acacia_planks":14}},"DataVersion":3465}