{"stats":{"minecraft:dropped":{"mca:book_romance":1},"minecraft:picked_up":{"mca:book_romance":1},"minecraft:killed_by":{"minecraft:spider":2,"minecraft:zombie":1},"minecraft:custom":{"minecraft:time_since_rest":65944,"minecraft:open_chest":1,"minecraft:crouch_one_cm":735,"minecraft:sprint_one_cm":9717,"minecraft:play_time":81732,"minecraft:deaths":3,"minecraft:damage_taken":730,"minecraft:walk_one_cm":58240,"minecraft:sneak_time":946,"minecraft:walk_under_water_one_cm":964,"minecraft:drop":1,"minecraft:jump":90,"minecraft:damage_dealt":47,"minecraft:leave_game":4,"minecraft:walk_on_water_one_cm":1064,"minecraft:time_since_death":65690,"minecraft:climb_one_cm":419,"minecraft:total_world_time":81732,"minecraft:swim_one_cm":2230,"minecraft:fly_one_cm":693915},"minecraft:used":{"mca:female_zombie_villager_spawn_egg":12,"naturalist:bluejay_spawn_egg":1,"minecraft:grass_block":30,"mca:female_villager_spawn_egg":3}},"DataVersion":3465}