{"stats":{"minecraft:killed_by":{"minecraft:spider":2,"minecraft:zombie":1},"minecraft:custom":{"minecraft:mob_kills":7,"minecraft:leave_game":7,"minecraft:time_since_death":562578,"minecraft:sleep_in_bed":1,"minecraft:climb_one_cm":3492,"minecraft:time_since_rest":105,"minecraft:sprint_one_cm":109708,"minecraft:damage_taken":760,"minecraft:walk_one_cm":837419,"minecraft:trigger_trapped_chest":8,"minecraft:drop":17,"minecraft:damage_dealt":1753,"minecraft:swim_one_cm":13032,"minecraft:talked_to_villager":3,"minecraft:fly_one_cm":2218607,"minecraft:open_chest":21,"minecraft:crouch_one_cm":13923,"minecraft:play_time":695813,"minecraft:deaths":4,"minecraft:sneak_time":9748,"minecraft:walk_under_water_one_cm":348034,"minecraft:jump":875,"minecraft:walk_on_water_one_cm":58226,"minecraft:enchant_item":5,"minecraft:total_world_time":695813},"minecraft:dropped":{"minecraft:dark_oak_stairs":2,"mca:divorce_papers":1,"mca:bouquet":3,"minecraft:jungle_planks":2,"mca:engagement_ring":5,"mca:book_romance":1,"mca:blueprint":1,"minecraft:dark_oak_planks":1,"minecraft:splash_potion":1},"minecraft:used":{"minecraft:light_blue_carpet":151,"minecraft:dark_oak_stairs":24,"luphieclutteredmod:small_bush":16,"minecraft:netherite_sword":4,"luphieclutteredmod:luphie_darkwood_geometric_sofa":10,"naturalist:lizard_spawn_egg":3,"minecraft:enchanting_table":1,"naturalist:bluejay_spawn_egg":1,"minecraft:warped_hanging_sign":1,"minecraft:flint_and_steel":223,"luphieclutteredmod:luphie_retro_cafe_shelf":3,"luphieclutteredmod:luphie_pastel_block_bookshelf":1,"minecraft:birch_planks":821,"luphieclutteredmod:luphie_open_book_stack":1,"minecraft:spruce_slab":5,"minecraft:oak_planks":2,"minecraft:mangrove_planks":23,"minecraft:ladder":9,"luphieclutteredmod:luphie_sweetheart_counter_b":1,"minecraft:chest":3,"minecraft:spruce_planks":12,"minecraft:blue_concrete_powder":4,"luphieclutteredmod:plant_ladder":2,"luphieclutteredmod:luphie_pastry_display_case":1,"naturalist:firefly_spawn_egg":5,"minecraft:spruce_fence_gate":6,"luphieclutteredmod:luphie_pastel_traditional_table":3,"minecraft:farmland":37,"luphieclutteredmod:luphie_potion_shelf":3,"minecraft:oak_door":2,"mca:female_zombie_villager_spawn_egg":13,"minecraft:torch":4,"minecraft:dirt":1,"mca:male_zombie_villager_spawn_egg":1,"minecraft:tnt":1624,"minecraft:oak_slab":8,"luphieclutteredmod:luphie_black_lovely_love_seat":2,"luphieclutteredmod:luphie_glowing_moon":22,"mca:female_villager_spawn_egg":4,"minecraft:jungle_planks":270,"minecraft:spruce_stairs":20,"luphieclutteredmod:luphie_black_cat_armchair":31,"minecraft:jungle_slab":120,"luphieclutteredmod:luphie_mushroom_tv":3,"minecraft:spruce_fence":50,"luphieclutteredmod:luphie_handheld_sea_gem_lantern":33,"minecraft:spruce_log":145,"minecraft:oak_fence_gate":2,"minecraft:obsidian":14,"luphieclutteredmod:luphie_glow_door":1,"luphieclutteredmod:luphie_general_store_cabinet":4,"minecraft:glass":141,"minecraft:dark_oak_planks":382,"luphieclutteredmod:luphie_cluttered_desk":4,"luphieclutteredmod:luphie_darkwood_endtable":2,"minecraft:acacia_stairs":14,"minecraft:red_wool":31,"minecraft:dark_oak_log":2,"minecraft:sunflower":2,"minecraft:lantern":31,"minecraft:grass_block":109,"minecraft:oak_stairs":1,"minecraft:acacia_slab":15,"luphieclutteredmod:luphie_mini_cactus_set":2,"minecraft:jungle_stairs":47,"luphieclutteredmod:luphie_cat_counter_a":6,"luphieclutteredmod:luphie_art_academy_box_of_paint":1,"minecraft:light_blue_bed":3,"minecraft:dark_oak_slab":2,"luphieclutteredmod:luphie_steampunk_lamp":10,"luphieclutteredmod:luphie_purple_gumball_machine":4,"luphieclutteredmod:luphie_darkwood_round_table":6,"luphieclutteredmod:luphie_darkwood_quilted_bed":6,"luphieclutteredmod:luphie_cat_kitchen_table":2,"minecraft:yellow_bed":2,"minecraft:trapped_chest":3,"luphieclutteredmod:luphie_table_with_cloth":2,"minecraft:white_concrete":42,"luphieclutteredmod:luphie_apple_chair":4,"minecraft:acacia_planks":14,"minecraft:splash_potion":120},"minecraft:picked_up":{"minecraft:pink_petals":3,"minecraft:splash_potion":1,"naturalist:teddy_bear":2,"minecraft:birch_planks":1,"mca:book_rose_gold":2,"luphieclutteredmod:luphie_heart_cake":8,"minecraft:yellow_bed":2,"minecraft:gunpowder":2,"mca:book_romance":1,"minecraft:string":2,"minecraft:lantern":1,"minecraft:glass":1,"mca:blueprint":7,"mca:whistle":3,"mca:engagement_ring":6,"minecraft:netherite_sword":3,"minecraft:iron_ingot":2,"mca:male_villager_spawn_egg":2,"minecraft:chest":3,"mca:baby_boy":1,"minecraft:dark_oak_stairs":1,"minecraft:oak_door":2,"mca:engagement_ring_rg":13,"minecraft:torch":4,"minecraft:jungle_planks":3,"luphieclutteredmod:luphie_heart_garland":2,"mca:female_villager_spawn_egg":2,"minecraft:grass_block":4,"minecraft:jungle_slab":1,"minecraft:spruce_door":128,"minecraft:dark_oak_planks":1,"minecraft:rotten_flesh":3,"minecraft:light_blue_carpet":1,"minecraft:white_concrete":1,"minecraft:emerald":18,"minecraft:cobblestone":1,"mca:bouquet":5},"minecraft:killed":{"minecraft:pig":1,"minecraft:creeper":3,"minecraft:skeleton":1,"minecraft:zombie":2}},"DataVersion":3465}