{"stats":{"minecraft:dropped":{"mca:book_romance":1,"mca:divorce_papers":1,"mca:blueprint":1,"mca:bouquet":2,"mca:engagement_ring":5},"minecraft:picked_up":{"minecraft:oak_door":2,"mca:engagement_ring_rg":10,"minecraft:birch_planks":1,"minecraft:torch":4,"mca:book_rose_gold":2,"minecraft:jungle_planks":1,"luphieclutteredmod:luphie_heart_cake":3,"luphieclutteredmod:luphie_heart_garland":1,"minecraft:yellow_bed":2,"mca:female_villager_spawn_egg":2,"minecraft:grass_block":4,"minecraft:jungle_slab":1,"mca:book_romance":1,"minecraft:spruce_door":128,"minecraft:string":2,"minecraft:glass":1,"mca:blueprint":5,"minecraft:rotten_flesh":1,"mca:whistle":2,"mca:engagement_ring":6,"minecraft:netherite_sword":3,"minecraft:iron_ingot":2,"minecraft:white_concrete":1,"minecraft:emerald":12,"mca:male_villager_spawn_egg":2,"minecraft:chest":3,"minecraft:cobblestone":1,"mca:baby_boy":1,"mca:bouquet":3},"minecraft:killed_by":{"minecraft:spider":2,"minecraft:zombie":1},"minecraft:custom":{"minecraft:time_since_rest":38532,"minecraft:sprint_one_cm":26840,"minecraft:walk_one_cm":210725,"minecraft:damage_taken":730,"minecraft:trigger_trapped_chest":1,"minecraft:mob_kills":2,"minecraft:drop":10,"minecraft:damage_dealt":467,"minecraft:talked_to_villager":3,"minecraft:swim_one_cm":2230,"minecraft:fly_one_cm":1019026,"minecraft:open_chest":17,"minecraft:crouch_one_cm":2696,"minecraft:play_time":171732,"minecraft:deaths":4,"minecraft:sneak_time":1974,"minecraft:walk_under_water_one_cm":964,"minecraft:jump":250,"minecraft:leave_game":4,"minecraft:time_since_death":38497,"minecraft:walk_on_water_one_cm":1064,"minecraft:total_world_time":171732,"minecraft:climb_one_cm":2561},"minecraft:killed":{"minecraft:zombie":1,"minecraft:creeper":1},"minecraft:used":{"minecraft:glass":9,"minecraft:netherite_sword":4,"naturalist:bluejay_spawn_egg":1,"minecraft:birch_planks":129,"minecraft:oak_stairs":1,"minecraft:grass_block":51,"minecraft:ladder":9,"minecraft:mangrove_planks":23,"minecraft:oak_planks":2,"minecraft:jungle_stairs":28,"minecraft:chest":2,"minecraft:farmland":9,"mca:female_zombie_villager_spawn_egg":13,"minecraft:torch":4,"mca:male_zombie_villager_spawn_egg":1,"minecraft:jungle_planks":2,"mca:female_villager_spawn_egg":4,"minecraft:jungle_slab":58,"minecraft:trapped_chest":1,"minecraft:white_concrete":42}},"DataVersion":3465}