{"stats":{"minecraft:dropped":{"mca:book_romance":1,"mca:bouquet":2},"minecraft:picked_up":{"mca:blueprint":1,"mca:book_romance":1,"minecraft:string":2,"mca:baby_boy":1,"mca:bouquet":1},"minecraft:killed_by":{"minecraft:spider":2,"minecraft:zombie":1},"minecraft:custom":{"minecraft:time_since_rest":89944,"minecraft:open_chest":6,"minecraft:crouch_one_cm":1850,"minecraft:sprint_one_cm":17593,"minecraft:play_time":105732,"minecraft:deaths":3,"minecraft:damage_taken":730,"minecraft:walk_one_cm":112888,"minecraft:sneak_time":1766,"minecraft:trigger_trapped_chest":1,"minecraft:walk_under_water_one_cm":964,"minecraft:mob_kills":1,"minecraft:drop":3,"minecraft:jump":165,"minecraft:damage_dealt":267,"minecraft:leave_game":4,"minecraft:walk_on_water_one_cm":1064,"minecraft:time_since_death":89690,"minecraft:climb_one_cm":419,"minecraft:total_world_time":105732,"minecraft:swim_one_cm":2230,"minecraft:talked_to_villager":3,"minecraft:fly_one_cm":896375},"minecraft:killed":{"minecraft:creeper":1},"minecraft:used":{"mca:female_zombie_villager_spawn_egg":13,"naturalist:bluejay_spawn_egg":1,"mca:male_zombie_villager_spawn_egg":1,"minecraft:grass_block":50,"mca:female_villager_spawn_egg":4,"minecraft:trapped_chest":1}},"DataVersion":3465}