{"stats":{"minecraft:killed":{"minecraft:creeper":2,"minecraft:zombie":1},"minecraft:dropped":{"minecraft:dark_oak_stairs":1,"mca:divorce_papers":1,"mca:bouquet":3,"minecraft:jungle_planks":2,"mca:engagement_ring":5,"mca:book_romance":1,"mca:blueprint":1},"minecraft:custom":{"minecraft:mob_kills":3,"minecraft:leave_game":5,"minecraft:time_since_death":352971,"minecraft:climb_one_cm":3353,"minecraft:time_since_rest":353006,"minecraft:sprint_one_cm":51604,"minecraft:damage_taken":760,"minecraft:walk_one_cm":515851,"minecraft:trigger_trapped_chest":1,"minecraft:drop":14,"minecraft:damage_dealt":1404,"minecraft:swim_one_cm":8752,"minecraft:talked_to_villager":3,"minecraft:fly_one_cm":1646466,"minecraft:open_chest":20,"minecraft:crouch_one_cm":10766,"minecraft:play_time":486206,"minecraft:deaths":4,"minecraft:sneak_time":6807,"minecraft:walk_under_water_one_cm":109506,"minecraft:jump":553,"minecraft:walk_on_water_one_cm":49484,"minecraft:total_world_time":486206},"minecraft:killed_by":{"minecraft:spider":2,"minecraft:zombie":1},"minecraft:picked_up":{"minecraft:pink_petals":3,"naturalist:teddy_bear":1,"minecraft:birch_planks":1,"mca:book_rose_gold":2,"luphieclutteredmod:luphie_heart_cake":4,"minecraft:yellow_bed":2,"minecraft:gunpowder":2,"mca:book_romance":1,"minecraft:string":2,"minecraft:glass":1,"mca:blueprint":5,"mca:whistle":2,"mca:engagement_ring":6,"minecraft:netherite_sword":3,"minecraft:iron_ingot":2,"mca:male_villager_spawn_egg":2,"minecraft:chest":3,"mca:baby_boy":1,"minecraft:oak_door":2,"mca:engagement_ring_rg":11,"minecraft:torch":4,"minecraft:jungle_planks":3,"luphieclutteredmod:luphie_heart_garland":1,"mca:female_villager_spawn_egg":2,"minecraft:grass_block":4,"minecraft:jungle_slab":1,"minecraft:spruce_door":128,"minecraft:rotten_flesh":1,"minecraft:white_concrete":1,"minecraft:emerald":12,"minecraft:cobblestone":1,"mca:bouquet":4},"minecraft:used":{"minecraft:dark_oak_stairs":13,"naturalist:lizard_spawn_egg":3,"minecraft:netherite_sword":4,"naturalist:bluejay_spawn_egg":1,"minecraft:birch_planks":541,"minecraft:spruce_slab":5,"minecraft:oak_planks":2,"minecraft:mangrove_planks":23,"minecraft:ladder":9,"luphieclutteredmod:luphie_sweetheart_counter_b":1,"minecraft:spruce_planks":12,"minecraft:chest":3,"naturalist:firefly_spawn_egg":5,"minecraft:spruce_fence_gate":6,"minecraft:farmland":37,"minecraft:oak_door":2,"mca:female_zombie_villager_spawn_egg":13,"minecraft:torch":4,"minecraft:dirt":1,"mca:male_zombie_villager_spawn_egg":1,"luphieclutteredmod:luphie_black_lovely_love_seat":2,"luphieclutteredmod:luphie_black_cat_armchair":31,"minecraft:spruce_stairs":20,"minecraft:jungle_planks":270,"mca:female_villager_spawn_egg":4,"luphieclutteredmod:luphie_glowing_moon":15,"minecraft:jungle_slab":120,"luphieclutteredmod:luphie_mushroom_tv":3,"minecraft:spruce_fence":49,"luphieclutteredmod:luphie_handheld_sea_gem_lantern":33,"minecraft:spruce_log":137,"minecraft:oak_fence_gate":2,"minecraft:glass":116,"minecraft:dark_oak_planks":297,"minecraft:acacia_stairs":14,"minecraft:dark_oak_log":2,"minecraft:sunflower":2,"minecraft:grass_block":73,"minecraft:oak_stairs":1,"minecraft:acacia_slab":15,"minecraft:jungle_stairs":47,"luphieclutteredmod:luphie_cat_counter_a":6,"minecraft:dark_oak_slab":2,"luphieclutteredmod:luphie_steampunk_lamp":10,"luphieclutteredmod:luphie_cat_kitchen_table":2,"minecraft:yellow_bed":2,"minecraft:trapped_chest":1,"minecraft:white_concrete":42,"minecraft:acacia_planks":14,"minecraft:splash_potion":52}},"DataVersion":3465}